{"cameraMode":{"drawMode":0,"name":"Shaded","section":"Shading Mode"},"sceneLighting":false,"audioPlay":false,"sceneViewState":{"showFog":true,"showMaterialUpdate":false,"showSkybox":false,"showFlares":true,"showImageEffects":true,"showParticleSystems":true},"in2DMode":false,"pivot":{"x":-3.3224334716796877,"y":6.288121223449707,"z":2.6125495433807375},"rotation":{"x":-0.14360372722148896,"y":-0.19517429172992707,"z":0.028899943456053735,"w":-0.9697835445404053},"size":1.546604871749878,"orthographic":false}