{"cameraMode":{"drawMode":0,"name":"Shaded","section":"Shading Mode"},"sceneLighting":false,"audioPlay":false,"sceneViewState":{"showFog":true,"showMaterialUpdate":false,"showSkybox":false,"showFlares":true,"showImageEffects":true,"showParticleSystems":true},"in2DMode":false,"pivot":{"x":-8.254011154174805,"y":4.371576309204102,"z":11.360089302062989},"rotation":{"x":-0.1360049694776535,"y":-0.07395152747631073,"z":0.010183442384004593,"w":-0.9879115223884583},"size":3.738666296005249,"orthographic":false}