{"cameraMode":{"drawMode":0,"name":"Shaded","section":"Shading Mode"},"sceneLighting":false,"audioPlay":false,"sceneViewState":{"showFog":true,"showMaterialUpdate":false,"showSkybox":false,"showFlares":true,"showImageEffects":true,"showParticleSystems":true},"in2DMode":false,"pivot":{"x":-5.839918613433838,"y":3.693789482116699,"z":-0.42189693450927737},"rotation":{"x":-0.13705286383628846,"y":-0.1676412969827652,"z":0.023539530113339425,"w":-0.9760072231292725},"size":9.824390411376954,"orthographic":false}