{"cameraMode":{"drawMode":0,"name":"Shaded","section":"Shading Mode"},"sceneLighting":true,"audioPlay":false,"sceneViewState":{"showFog":true,"showMaterialUpdate":false,"showSkybox":true,"showFlares":true,"showImageEffects":true,"showParticleSystems":true},"in2DMode":false,"pivot":{"x":-15.274935722351075,"y":7.032420635223389,"z":6.382094383239746},"rotation":{"x":-0.10176339000463486,"y":-0.0843576118350029,"z":0.008660905994474888,"w":-0.9911888241767883},"size":0.9445416927337647,"orthographic":false}