{"cameraMode":{"drawMode":0,"name":"Shaded","section":"Shading Mode"},"sceneLighting":false,"audioPlay":false,"sceneViewState":{"showFog":true,"showMaterialUpdate":false,"showSkybox":false,"showFlares":true,"showImageEffects":true,"showParticleSystems":true},"in2DMode":false,"pivot":{"x":-14.902814865112305,"y":17.120088577270509,"z":9.564066886901856},"rotation":{"x":-0.13705286383628846,"y":-0.1676412969827652,"z":0.023539530113339425,"w":-0.9760072231292725},"size":10.923136711120606,"orthographic":false}