{"cameraMode":{"drawMode":0,"name":"Shaded","section":"Shading Mode"},"sceneLighting":false,"audioPlay":false,"sceneViewState":{"showFog":true,"showMaterialUpdate":false,"showSkybox":false,"showFlares":true,"showImageEffects":true,"showParticleSystems":true},"in2DMode":false,"pivot":{"x":-32.48246383666992,"y":5.431210994720459,"z":6.196218967437744},"rotation":{"x":-0.002991647459566593,"y":-0.10988136380910874,"z":0.0003285231359768659,"w":-0.9939561486244202},"size":0.8646134734153748,"orthographic":false}