{"cameraMode":{"drawMode":0,"name":"Shaded","section":"Shading Mode"},"sceneLighting":false,"audioPlay":false,"sceneViewState":{"showFog":true,"showMaterialUpdate":false,"showSkybox":false,"showFlares":true,"showImageEffects":true,"showParticleSystems":true},"in2DMode":false,"pivot":{"x":-21.258895874023439,"y":5.617321014404297,"z":13.767419815063477},"rotation":{"x":-0.13705286383628846,"y":-0.1676412969827652,"z":0.023539530113339425,"w":-0.9760072231292725},"size":25.576679229736329,"orthographic":false}