{"cameraMode":{"drawMode":0,"name":"Shaded","section":"Shading Mode"},"sceneLighting":false,"audioPlay":false,"sceneViewState":{"showFog":true,"showMaterialUpdate":false,"showSkybox":false,"showFlares":true,"showImageEffects":true,"showParticleSystems":true},"in2DMode":false,"pivot":{"x":-0.2060002088546753,"y":8.217000007629395,"z":8.520999908447266},"rotation":{"x":-0.17371293902397157,"y":-0.018618300557136537,"z":0.00534341624006629,"w":-0.9849561452865601},"size":0.2872280180454254,"orthographic":false}